{
  "docusaurus-plugin-content-docs": {
    "default": {
      "path": "/",
      "versions": [
        {
          "name": "current",
          "label": "Next",
          "isLast": true,
          "path": "/",
          "mainDocId": "intro",
          "docs": [
            {
              "id": "contenedores/campos",
              "path": "/contenedores/campos",
              "sidebar": "docs"
            },
            {
              "id": "contenedores/logs",
              "path": "/contenedores/logs",
              "sidebar": "docs"
            },
            {
              "id": "frameworks/astro",
              "path": "/frameworks/astro",
              "sidebar": "docs"
            },
            {
              "id": "frameworks/vite",
              "path": "/frameworks/vite",
              "sidebar": "docs"
            },
            {
              "id": "intro",
              "path": "/",
              "sidebar": "docs"
            },
            {
              "id": "plantilla/campos",
              "path": "/plantilla/campos",
              "sidebar": "docs"
            },
            {
              "id": "tutorial-basics/congratulations",
              "path": "/tutorial-basics/congratulations"
            },
            {
              "id": "tutorial-basics/create-a-blog-post",
              "path": "/tutorial-basics/create-a-blog-post"
            },
            {
              "id": "tutorial-basics/create-a-document",
              "path": "/tutorial-basics/create-a-document"
            },
            {
              "id": "tutorial-basics/create-a-page",
              "path": "/tutorial-basics/create-a-page"
            },
            {
              "id": "tutorial-basics/deploy-your-site",
              "path": "/tutorial-basics/deploy-your-site"
            },
            {
              "id": "tutorial-basics/markdown-features",
              "path": "/tutorial-basics/markdown-features"
            },
            {
              "id": "tutorial-extras/manage-docs-versions",
              "path": "/tutorial-extras/manage-docs-versions"
            },
            {
              "id": "tutorial-extras/translate-your-site",
              "path": "/tutorial-extras/translate-your-site"
            }
          ],
          "draftIds": [],
          "sidebars": {
            "docs": {
              "link": {
                "path": "/",
                "label": "intro"
              }
            }
          }
        }
      ],
      "breadcrumbs": true
    }
  }
}