{
  "/blog-b2f": {
    "__comp": "a6aa9e1f",
    "__context": {
      "plugin": "36994c47"
    },
    "sidebar": "814f3328",
    "items": [
      {
        "content": "7661071f"
      },
      {
        "content": "f4f34a3a"
      },
      {
        "content": "8717b14a"
      },
      {
        "content": "925b3f96"
      }
    ],
    "__props": "c15d9823"
  },
  "/blog/archive-182": {
    "__comp": "9e4087bc",
    "__context": {
      "plugin": "36994c47"
    },
    "__props": "f81c1134"
  },
  "/blog/authors-0b7": {
    "__comp": "621db11d",
    "__context": {
      "data": {
        "blogMetadata": "acecf23e"
      },
      "plugin": "36994c47"
    },
    "sidebar": "814f3328",
    "__props": "ef8b811a"
  },
  "/blog/authors/all-sebastien-lorber-articles-4a1": {
    "__comp": "33fc5bb8",
    "__context": {
      "data": {
        "blogMetadata": "acecf23e"
      },
      "plugin": "36994c47"
    },
    "items": [
      {
        "content": "7661071f"
      },
      {
        "content": "f4f34a3a"
      },
      {
        "content": "925b3f96"
      }
    ],
    "sidebar": "814f3328",
    "__props": "c9c9bef8"
  },
  "/blog/authors/yangshun-a68": {
    "__comp": "33fc5bb8",
    "__context": {
      "data": {
        "blogMetadata": "acecf23e"
      },
      "plugin": "36994c47"
    },
    "items": [
      {
        "content": "7661071f"
      },
      {
        "content": "8717b14a"
      },
      {
        "content": "925b3f96"
      }
    ],
    "sidebar": "814f3328",
    "__props": "1dea6ca3"
  },
  "/blog/first-blog-post-89a": {
    "__comp": "ccc49370",
    "__context": {
      "data": {
        "blogMetadata": "acecf23e"
      },
      "plugin": "36994c47"
    },
    "sidebar": "814f3328",
    "content": "e273c56f"
  },
  "/blog/long-blog-post-9ad": {
    "__comp": "ccc49370",
    "__context": {
      "data": {
        "blogMetadata": "acecf23e"
      },
      "plugin": "36994c47"
    },
    "sidebar": "814f3328",
    "content": "73664a40"
  },
  "/blog/mdx-blog-post-e9f": {
    "__comp": "ccc49370",
    "__context": {
      "data": {
        "blogMetadata": "acecf23e"
      },
      "plugin": "36994c47"
    },
    "sidebar": "814f3328",
    "content": "59362658"
  },
  "/blog/tags-287": {
    "__comp": "01a85c17",
    "__context": {
      "plugin": "36994c47"
    },
    "sidebar": "814f3328",
    "__props": "3a2db09e"
  },
  "/blog/tags/docusaurus-704": {
    "__comp": "6875c492",
    "__context": {
      "plugin": "36994c47"
    },
    "sidebar": "814f3328",
    "items": [
      {
        "content": "7661071f"
      },
      {
        "content": "f4f34a3a"
      },
      {
        "content": "8717b14a"
      },
      {
        "content": "925b3f96"
      }
    ],
    "__props": "3217192f"
  },
  "/blog/tags/facebook-858": {
    "__comp": "6875c492",
    "__context": {
      "plugin": "36994c47"
    },
    "sidebar": "814f3328",
    "items": [
      {
        "content": "7661071f"
      }
    ],
    "__props": "e5aefb32"
  },
  "/blog/tags/hello-299": {
    "__comp": "6875c492",
    "__context": {
      "plugin": "36994c47"
    },
    "sidebar": "814f3328",
    "items": [
      {
        "content": "7661071f"
      },
      {
        "content": "8717b14a"
      }
    ],
    "__props": "f82cd581"
  },
  "/blog/tags/hola-00d": {
    "__comp": "6875c492",
    "__context": {
      "plugin": "36994c47"
    },
    "sidebar": "814f3328",
    "items": [
      {
        "content": "925b3f96"
      }
    ],
    "__props": "5e90a9b3"
  },
  "/blog/welcome-d2b": {
    "__comp": "ccc49370",
    "__context": {
      "data": {
        "blogMetadata": "acecf23e"
      },
      "plugin": "36994c47"
    },
    "sidebar": "814f3328",
    "content": "d9f32620"
  },
  "/markdown-page-3d7": {
    "__comp": "1f391b9e",
    "__context": {
      "plugin": "a7456010"
    },
    "content": "393be207"
  },
  "/docs-733": {
    "__comp": "5e95c892",
    "__context": {
      "plugin": "aba21aa0"
    }
  },
  "/docs-7e6": {
    "__comp": "a7bd4aaa",
    "__props": "0058b4c6"
  },
  "/docs-ba6": {
    "__comp": "a94703ab"
  },
  "/docs/category/tutorial---basics-20e": {
    "__comp": "14eb3368",
    "__props": "c8a4e95a"
  },
  "/docs/category/tutorial---extras-9ad": {
    "__comp": "14eb3368",
    "__props": "6bb166bd"
  },
  "/docs/intro-61d": {
    "__comp": "17896441",
    "content": "0e384e19"
  },
  "/docs/tutorial-basics/congratulations-458": {
    "__comp": "17896441",
    "content": "822bd8ab"
  },
  "/docs/tutorial-basics/create-a-blog-post-108": {
    "__comp": "17896441",
    "content": "533a09ca"
  },
  "/docs/tutorial-basics/create-a-document-8fc": {
    "__comp": "17896441",
    "content": "1e4232ab"
  },
  "/docs/tutorial-basics/create-a-page-951": {
    "__comp": "17896441",
    "content": "5c868d36"
  },
  "/docs/tutorial-basics/deploy-your-site-4f5": {
    "__comp": "17896441",
    "content": "f55d3e7a"
  },
  "/docs/tutorial-basics/markdown-features-b05": {
    "__comp": "17896441",
    "content": "18c41134"
  },
  "/docs/tutorial-extras/manage-docs-versions-978": {
    "__comp": "17896441",
    "content": "dff1c289"
  },
  "/docs/tutorial-extras/translate-your-site-f9a": {
    "__comp": "17896441",
    "content": "e44a2883"
  },
  "/-2e1": {
    "__comp": "c4f5d8e4",
    "__context": {
      "plugin": "a7456010"
    },
    "config": "5e9f5e1a"
  }
}