{
  "id": "proyectos/n8n",
  "title": "🔄 n8n",
  "description": "Este contenedor está diseñado para implementar n8n, una herramienta de automatización de flujos de trabajo de código abierto, que permite conectar y automatizar tareas entre diferentes aplicaciones y servicios.",
  "source": "@site/docs/proyectos/n8n.md",
  "sourceDirName": "proyectos",
  "slug": "/proyectos/n8n",
  "permalink": "/proyectos/n8n",
  "draft": false,
  "unlisted": false,
  "editUrl": "https://github.com/facebook/docusaurus/tree/main/packages/create-docusaurus/templates/shared/docs/proyectos/n8n.md",
  "tags": [],
  "version": "current",
  "sidebarPosition": 3,
  "frontMatter": {
    "id": "n8n",
    "sidebar_position": 3,
    "title": "🔄 n8n",
    "sidebar_label": "🔄 n8n"
  },
  "sidebar": "docs",
  "previous": {
    "title": "📊 FacturaScripts",
    "permalink": "/proyectos/facturascripts"
  },
  "next": {
    "title": "Wordpress",
    "permalink": "/proyectos/wordpress"
  }
}