{
  "id": "proyectos/wordpress",
  "title": "📝 Wordpress",
  "description": "El contenedor de Wordpress está diseñado para ofrecer una solución sencilla y eficaz para la creación y gestión de sitios web y blogs basados en Wordpress. Este contenedor incluye todo lo necesario para iniciar un entorno de Wordpress completamente funcional.",
  "source": "@site/docs/proyectos/wordpress.md",
  "sourceDirName": "proyectos",
  "slug": "/proyectos/wordpress",
  "permalink": "/proyectos/wordpress",
  "draft": false,
  "unlisted": false,
  "editUrl": "https://github.com/facebook/docusaurus/tree/main/packages/create-docusaurus/templates/shared/docs/proyectos/wordpress.md",
  "tags": [],
  "version": "current",
  "sidebarPosition": 4,
  "frontMatter": {
    "id": "wordpress",
    "sidebar_position": 4,
    "title": "📝 Wordpress",
    "sidebar_label": "Wordpress"
  },
  "sidebar": "docs",
  "previous": {
    "title": "🔄 n8n",
    "permalink": "/proyectos/n8n"
  },
  "next": {
    "title": "🚀 Astro",
    "permalink": "/frameworks/astro"
  }
}