{
  "id": "plantilla/campos",
  "title": "📕 Plantillas de Contenedores",
  "description": "El sistema de plantillas permite a los usuarios explorar, buscar y desplegar contenedores preconfigurados de forma rápida. Esto simplifica el proceso de creación de entornos personalizados para diferentes necesidades.",
  "source": "@site/docs/plantilla/campos.md",
  "sourceDirName": "plantilla",
  "slug": "/plantilla/campos",
  "permalink": "/plantilla/campos",
  "draft": false,
  "unlisted": false,
  "editUrl": "https://github.com/facebook/docusaurus/tree/main/packages/create-docusaurus/templates/shared/docs/plantilla/campos.md",
  "tags": [],
  "version": "current",
  "frontMatter": {},
  "sidebar": "docs",
  "previous": {
    "title": "🖥 Logs de los Contenedores",
    "permalink": "/contenedores/logs"
  },
  "next": {
    "title": "Astro",
    "permalink": "/frameworks/astro"
  }
}