{
  "id": "tutorial-basics/create-a-page",
  "title": "Create a Page",
  "description": "Add Markdown or React files to src/pages to create a standalone page:",
  "source": "@site/docs/tutorial-basics/create-a-page.md",
  "sourceDirName": "tutorial-basics",
  "slug": "/tutorial-basics/create-a-page",
  "permalink": "/tutorial-basics/create-a-page",
  "draft": false,
  "unlisted": false,
  "editUrl": "https://github.com/facebook/docusaurus/tree/main/packages/create-docusaurus/templates/shared/docs/tutorial-basics/create-a-page.md",
  "tags": [],
  "version": "current",
  "sidebarPosition": 1,
  "frontMatter": {
    "sidebar_position": 1
  }
}