{
  "id": "tutorial-basics/create-a-document",
  "title": "Create a Document",
  "description": "Documents are groups of pages connected through:",
  "source": "@site/docs/tutorial-basics/create-a-document.md",
  "sourceDirName": "tutorial-basics",
  "slug": "/tutorial-basics/create-a-document",
  "permalink": "/tutorial-basics/create-a-document",
  "draft": false,
  "unlisted": false,
  "editUrl": "https://github.com/facebook/docusaurus/tree/main/packages/create-docusaurus/templates/shared/docs/tutorial-basics/create-a-document.md",
  "tags": [],
  "version": "current",
  "sidebarPosition": 2,
  "frontMatter": {
    "sidebar_position": 2
  }
}