{
  "id": "contenedores/campos",
  "title": "📦 Campos de Contenedores",
  "description": "Un contenedor es una unidad de lanzamiento de hostybee, un contenedor nos permite convertir una aplicacion desarrollada en una URL en la nube. Dentro de los contenedores tenemos distintos campos.",
  "source": "@site/docs/contenedores/campos.md",
  "sourceDirName": "contenedores",
  "slug": "/contenedores/campos",
  "permalink": "/contenedores/campos",
  "draft": false,
  "unlisted": false,
  "editUrl": "https://github.com/facebook/docusaurus/tree/main/packages/create-docusaurus/templates/shared/docs/contenedores/campos.md",
  "tags": [],
  "version": "current",
  "sidebarPosition": 1,
  "frontMatter": {
    "sidebar_position": 1,
    "title": "📦 Campos de Contenedores"
  },
  "sidebar": "docs",
  "previous": {
    "title": "👋 Introducción",
    "permalink": "/"
  },
  "next": {
    "title": "📝 Logs de Contenedores",
    "permalink": "/contenedores/logs"
  }
}