{
  "id": "tutorial-basics/deploy-your-site",
  "title": "Deploy your site",
  "description": "Docusaurus is a static-site-generator (also called Jamstack).",
  "source": "@site/docs/tutorial-basics/deploy-your-site.md",
  "sourceDirName": "tutorial-basics",
  "slug": "/tutorial-basics/deploy-your-site",
  "permalink": "/tutorial-basics/deploy-your-site",
  "draft": false,
  "unlisted": false,
  "editUrl": "https://github.com/facebook/docusaurus/tree/main/packages/create-docusaurus/templates/shared/docs/tutorial-basics/deploy-your-site.md",
  "tags": [],
  "version": "current",
  "sidebarPosition": 5,
  "frontMatter": {
    "sidebar_position": 5
  }
}