{
  "id": "contenedores/logs",
  "title": "🖥Logs de los Contenedores",
  "description": "El historial de despliegues y los logs de los contenedores proporcionan información detallada sobre las acciones realizadas, los estados alcanzados y cualquier problema ocurrido durante las operaciones.",
  "source": "@site/docs/contenedores/logs.md",
  "sourceDirName": "contenedores",
  "slug": "/contenedores/logs",
  "permalink": "/contenedores/logs",
  "draft": false,
  "unlisted": false,
  "editUrl": "https://github.com/facebook/docusaurus/tree/main/packages/create-docusaurus/templates/shared/docs/contenedores/logs.md",
  "tags": [],
  "version": "current",
  "frontMatter": {},
  "sidebar": "docs",
  "previous": {
    "title": "📝 Información Contenedores",
    "permalink": "/contenedores/campos"
  },
  "next": {
    "title": "📕 Plantillas de Contenedores",
    "permalink": "/plantilla/campos"
  }
}