{
  "id": "intro",
  "title": "👋 Introducción",
  "description": "Esta es una guía completa sobre los diferentes frameworks y herramientas de desarrollo web moderno.",
  "source": "@site/docs/intro.md",
  "sourceDirName": ".",
  "slug": "/",
  "permalink": "/",
  "draft": false,
  "unlisted": false,
  "editUrl": "https://github.com/facebook/docusaurus/tree/main/packages/create-docusaurus/templates/shared/docs/intro.md",
  "tags": [],
  "version": "current",
  "sidebarPosition": 1,
  "frontMatter": {
    "sidebar_position": 1,
    "title": "👋 Introducción",
    "slug": "/"
  },
  "sidebar": "docs",
  "next": {
    "title": "📦 Campos de Contenedores",
    "permalink": "/contenedores/campos"
  }
}