{
  "id": "proyectos/facturascripts",
  "title": "📊 FacturaScripts",
  "description": "Este contenedor está diseñado para proveer Facturascripts, una solución integral para la gestión de facturación y administración empresarial. Facturascripts permite la automatización de procesos contables, facilitando el registro y seguimiento de facturas y pagos.",
  "source": "@site/docs/proyectos/facturascripts.md",
  "sourceDirName": "proyectos",
  "slug": "/proyectos/facturascripts",
  "permalink": "/proyectos/facturascripts",
  "draft": false,
  "unlisted": false,
  "editUrl": "https://github.com/facebook/docusaurus/tree/main/packages/create-docusaurus/templates/shared/docs/proyectos/facturascripts.md",
  "tags": [],
  "version": "current",
  "sidebarPosition": 2,
  "frontMatter": {
    "id": "facturascripts",
    "sidebar_position": 2,
    "title": "📊 FacturaScripts",
    "sidebar_label": "📊 FacturaScripts"
  },
  "sidebar": "docs",
  "previous": {
    "title": "🐘 PostgreSQL",
    "permalink": "/proyectos/postgres"
  },
  "next": {
    "title": "🔄 n8n",
    "permalink": "/proyectos/n8n"
  }
}