{
  "id": "tutorial-basics/markdown-features",
  "title": "Markdown Features",
  "description": "Docusaurus supports Markdown and a few additional features.",
  "source": "@site/docs/tutorial-basics/markdown-features.mdx",
  "sourceDirName": "tutorial-basics",
  "slug": "/tutorial-basics/markdown-features",
  "permalink": "/tutorial-basics/markdown-features",
  "draft": false,
  "unlisted": false,
  "editUrl": "https://github.com/facebook/docusaurus/tree/main/packages/create-docusaurus/templates/shared/docs/tutorial-basics/markdown-features.mdx",
  "tags": [],
  "version": "current",
  "sidebarPosition": 4,
  "frontMatter": {
    "sidebar_position": 4
  }
}