{
  "id": "frameworks/astro",
  "title": "🚀 Astro Framework",
  "description": "Astro es un framework web moderno diseñado para construir sitios web rápidos y enfocados en el contenido.",
  "source": "@site/docs/frameworks/astro.md",
  "sourceDirName": "frameworks",
  "slug": "/frameworks/astro",
  "permalink": "/frameworks/astro",
  "draft": false,
  "unlisted": false,
  "editUrl": "https://github.com/facebook/docusaurus/tree/main/packages/create-docusaurus/templates/shared/docs/frameworks/astro.md",
  "tags": [],
  "version": "current",
  "sidebarPosition": 1,
  "frontMatter": {
    "sidebar_position": 1,
    "title": "🚀 Astro Framework"
  },
  "sidebar": "docs",
  "previous": {
    "title": "Wordpress",
    "permalink": "/proyectos/wordpress"
  },
  "next": {
    "title": "⚡ Vite",
    "permalink": "/frameworks/vite"
  }
}