{
  "id": "frameworks/vite",
  "title": "⚡ Vite Framework",
  "description": "Vite es una herramienta de compilación moderna que ofrece una experiencia de desarrollo extremadamente rápida.",
  "source": "@site/docs/frameworks/vite.md",
  "sourceDirName": "frameworks",
  "slug": "/frameworks/vite",
  "permalink": "/frameworks/vite",
  "draft": false,
  "unlisted": false,
  "editUrl": "https://github.com/facebook/docusaurus/tree/main/packages/create-docusaurus/templates/shared/docs/frameworks/vite.md",
  "tags": [],
  "version": "current",
  "sidebarPosition": 2,
  "frontMatter": {
    "sidebar_position": 2,
    "title": "⚡ Vite Framework"
  },
  "sidebar": "docs",
  "previous": {
    "title": "🚀 Astro",
    "permalink": "/frameworks/astro"
  },
  "next": {
    "title": "⚡ Next.js",
    "permalink": "/frameworks/nextjs"
  }
}