{
  "id": "frameworks/nextjs",
  "title": "⚡ Next.js Framework",
  "description": "Next.js es un framework de React que permite crear aplicaciones web full-stack con renderizado híbrido.",
  "source": "@site/docs/frameworks/nextjs.md",
  "sourceDirName": "frameworks",
  "slug": "/frameworks/nextjs",
  "permalink": "/frameworks/nextjs",
  "draft": false,
  "unlisted": false,
  "editUrl": "https://github.com/facebook/docusaurus/tree/main/packages/create-docusaurus/templates/shared/docs/frameworks/nextjs.md",
  "tags": [],
  "version": "current",
  "sidebarPosition": 4,
  "frontMatter": {
    "sidebar_position": 4,
    "title": "⚡ Next.js Framework"
  },
  "sidebar": "docs",
  "previous": {
    "title": "⚡ Vite",
    "permalink": "/frameworks/vite"
  },
  "next": {
    "title": "🌐 Vanilla HTML",
    "permalink": "/frameworks/vanilla"
  }
}