{
  "id": "frameworks/vanilla",
  "title": "🌐 Vanilla HTML",
  "description": "Desarrollo web básico utilizando HTML puro sin frameworks adicionales.",
  "source": "@site/docs/frameworks/vanilla.md",
  "sourceDirName": "frameworks",
  "slug": "/frameworks/vanilla",
  "permalink": "/frameworks/vanilla",
  "draft": false,
  "unlisted": false,
  "editUrl": "https://github.com/facebook/docusaurus/tree/main/packages/create-docusaurus/templates/shared/docs/frameworks/vanilla.md",
  "tags": [],
  "version": "current",
  "sidebarPosition": 3,
  "frontMatter": {
    "sidebar_position": 3,
    "title": "🌐 Vanilla HTML"
  },
  "sidebar": "docs",
  "previous": {
    "title": "⚡ Next.js",
    "permalink": "/frameworks/nextjs"
  }
}