{
  "id": "proyectos/postgres",
  "title": "🐘 PostgreSQL",
  "description": "Este contenedor está diseñado para proporcionar una instancia de PostgreSQL robusta junto con pgAdmin, una herramienta web intuitiva para gestionar bases de datos.",
  "source": "@site/docs/proyectos/postgres.md",
  "sourceDirName": "proyectos",
  "slug": "/proyectos/postgres",
  "permalink": "/proyectos/postgres",
  "draft": false,
  "unlisted": false,
  "editUrl": "https://github.com/facebook/docusaurus/tree/main/packages/create-docusaurus/templates/shared/docs/proyectos/postgres.md",
  "tags": [],
  "version": "current",
  "sidebarPosition": 1,
  "frontMatter": {
    "id": "postgres",
    "sidebar_position": 1,
    "title": "🐘 PostgreSQL"
  },
  "sidebar": "docs",
  "previous": {
    "title": "📕 Plantillas de Contenedores",
    "permalink": "/plantilla/campos"
  },
  "next": {
    "title": "📊 FacturaScripts",
    "permalink": "/proyectos/facturascripts"
  }
}