{"version":{"pluginId":"default","version":"current","label":"Next","banner":null,"badge":false,"noIndex":false,"className":"docs-version-current","isLast":true,"docsSidebars":{"docs":[{"type":"link","label":"👋 Introducción","href":"/","docId":"intro","unlisted":false},{"type":"category","label":"📦 Contenedores","items":[{"type":"link","label":"📦 Campos de Contenedores","href":"/contenedores/campos","docId":"contenedores/campos","unlisted":false},{"type":"link","label":"📝 Logs de Contenedores","href":"/contenedores/logs","docId":"contenedores/logs","unlisted":false}],"collapsed":true,"collapsible":true},{"type":"category","label":"📋 Plantillas de Contenedores","items":[{"type":"link","label":"📕 Plantillas de Contenedores","href":"/plantilla/campos","docId":"plantilla/campos","unlisted":false},{"type":"category","label":"🚀 Proyectos","items":[{"type":"link","label":"🐘 PostgreSQL","href":"/proyectos/postgres","docId":"proyectos/postgres","unlisted":false},{"type":"link","label":"📊 FacturaScripts","href":"/proyectos/facturascripts","docId":"proyectos/facturascripts","unlisted":false},{"type":"link","label":"🔄 n8n","href":"/proyectos/n8n","docId":"proyectos/n8n","unlisted":false},{"type":"link","label":"Wordpress","href":"/proyectos/wordpress","docId":"proyectos/wordpress","unlisted":false}],"collapsed":true,"collapsible":true}],"collapsed":true,"collapsible":true},{"type":"category","label":"⚡ Tipos de Proyectos (Frameworks)","items":[{"type":"link","label":"🚀 Astro","href":"/frameworks/astro","docId":"frameworks/astro","unlisted":false},{"type":"link","label":"⚡ Vite","href":"/frameworks/vite","docId":"frameworks/vite","unlisted":false},{"type":"link","label":"⚡ Next.js","href":"/frameworks/nextjs","docId":"frameworks/nextjs","unlisted":false},{"type":"link","label":"🌐 Vanilla HTML","href":"/frameworks/vanilla","docId":"frameworks/vanilla","unlisted":false}],"collapsed":true,"collapsible":true}]},"docs":{"contenedores/campos":{"id":"contenedores/campos","title":"📦 Campos de Contenedores","description":"Un contenedor es una unidad de lanzamiento de hostybee, un contenedor nos permite convertir una aplicacion desarrollada en una URL en la nube. Dentro de los contenedores tenemos distintos campos.","sidebar":"docs"},"contenedores/logs":{"id":"contenedores/logs","title":"📝 Logs de Contenedores","description":"El historial de despliegues y los logs de los contenedores proporcionan información detallada sobre las acciones realizadas, los estados alcanzados y cualquier problema ocurrido durante las operaciones.","sidebar":"docs"},"frameworks/astro":{"id":"frameworks/astro","title":"🚀 Astro Framework","description":"Astro es un framework web moderno diseñado para construir sitios web rápidos y enfocados en el contenido.","sidebar":"docs"},"frameworks/nextjs":{"id":"frameworks/nextjs","title":"⚡ Next.js Framework","description":"Next.js es un framework de React que permite crear aplicaciones web full-stack con renderizado híbrido.","sidebar":"docs"},"frameworks/vanilla":{"id":"frameworks/vanilla","title":"🌐 Vanilla HTML","description":"Desarrollo web básico utilizando HTML puro sin frameworks adicionales.","sidebar":"docs"},"frameworks/vite":{"id":"frameworks/vite","title":"⚡ Vite Framework","description":"Vite es una herramienta de compilación moderna que ofrece una experiencia de desarrollo extremadamente rápida.","sidebar":"docs"},"intro":{"id":"intro","title":"👋 Introducción","description":"Esta es una guía completa sobre los diferentes frameworks y herramientas de desarrollo web moderno.","sidebar":"docs"},"plantilla/campos":{"id":"plantilla/campos","title":"📕 Plantillas de Contenedores","description":"El sistema de plantillas permite a los usuarios explorar, buscar y desplegar contenedores preconfigurados de forma rápida. Esto simplifica el proceso de creación de entornos personalizados para diferentes necesidades.","sidebar":"docs"},"proyectos/facturascripts":{"id":"proyectos/facturascripts","title":"📊 FacturaScripts","description":"Este contenedor está diseñado para proveer Facturascripts, una solución integral para la gestión de facturación y administración empresarial. Facturascripts permite la automatización de procesos contables, facilitando el registro y seguimiento de facturas y pagos.","sidebar":"docs"},"proyectos/n8n":{"id":"proyectos/n8n","title":"🔄 n8n","description":"Este contenedor está diseñado para implementar n8n, una herramienta de automatización de flujos de trabajo de código abierto, que permite conectar y automatizar tareas entre diferentes aplicaciones y servicios.","sidebar":"docs"},"proyectos/postgres":{"id":"proyectos/postgres","title":"🐘 PostgreSQL","description":"Este contenedor está diseñado para proporcionar una instancia de PostgreSQL robusta junto con pgAdmin, una herramienta web intuitiva para gestionar bases de datos.","sidebar":"docs"},"proyectos/wordpress":{"id":"proyectos/wordpress","title":"📝 Wordpress","description":"El contenedor de Wordpress está diseñado para ofrecer una solución sencilla y eficaz para la creación y gestión de sitios web y blogs basados en Wordpress. Este contenedor incluye todo lo necesario para iniciar un entorno de Wordpress completamente funcional.","sidebar":"docs"},"tutorial-basics/congratulations":{"id":"tutorial-basics/congratulations","title":"Congratulations!","description":"You have just learned the basics of Docusaurus and made some changes to the initial template."},"tutorial-basics/create-a-blog-post":{"id":"tutorial-basics/create-a-blog-post","title":"Create a Blog Post","description":"Docusaurus creates a page for each blog post, but also a blog index page, a tag system, an RSS feed..."},"tutorial-basics/create-a-document":{"id":"tutorial-basics/create-a-document","title":"Create a Document","description":"Documents are groups of pages connected through:"},"tutorial-basics/create-a-page":{"id":"tutorial-basics/create-a-page","title":"Create a Page","description":"Add Markdown or React files to src/pages to create a standalone page:"},"tutorial-basics/deploy-your-site":{"id":"tutorial-basics/deploy-your-site","title":"Deploy your site","description":"Docusaurus is a static-site-generator (also called Jamstack)."},"tutorial-basics/markdown-features":{"id":"tutorial-basics/markdown-features","title":"Markdown Features","description":"Docusaurus supports Markdown and a few additional features."},"tutorial-extras/manage-docs-versions":{"id":"tutorial-extras/manage-docs-versions","title":"Manage Docs Versions","description":"Docusaurus can manage multiple versions of your docs."},"tutorial-extras/translate-your-site":{"id":"tutorial-extras/translate-your-site","title":"Translate your site","description":"Let's translate docs/intro.md to French."}}}}