{"version":{"pluginId":"default","version":"current","label":"Next","banner":null,"badge":false,"noIndex":false,"className":"docs-version-current","isLast":true,"docsSidebars":{"docs":[{"type":"link","label":"☑ Bienvenido a la Documentación","href":"/","docId":"intro","unlisted":false},{"type":"category","label":"Contenedores","items":[{"type":"link","label":"📝 Información Contenedores","href":"/contenedores/campos","docId":"contenedores/campos","unlisted":false},{"type":"link","label":"🖥Logs de los Contenedores","href":"/contenedores/logs","docId":"contenedores/logs","unlisted":false}],"collapsed":true,"collapsible":true},{"type":"category","label":"Plantillas de Contenedores","items":[{"type":"link","label":"📕 Plantillas de Contenedores","href":"/plantilla/campos","docId":"plantilla/campos","unlisted":false}],"collapsed":true,"collapsible":true},{"type":"category","label":"Tipos de Proyectos (Frameworks)","items":[{"type":"link","label":"Astro","href":"/frameworks/astro","docId":"frameworks/astro","unlisted":false},{"type":"link","label":"Vite","href":"/frameworks/vite","docId":"frameworks/vite","unlisted":false}],"collapsed":true,"collapsible":true}]},"docs":{"contenedores/campos":{"id":"contenedores/campos","title":"📝 Información Contenedores","description":"Un contenedor es una unidad de lanzamiento de hostybee, un contenedor nos permite convertir una aplicacion desarrollada en una URL en la nube. Dentro de los contenedores tenemos distintos campos.","sidebar":"docs"},"contenedores/logs":{"id":"contenedores/logs","title":"🖥Logs de los Contenedores","description":"El historial de despliegues y los logs de los contenedores proporcionan información detallada sobre las acciones realizadas, los estados alcanzados y cualquier problema ocurrido durante las operaciones.","sidebar":"docs"},"frameworks/astro":{"id":"frameworks/astro","title":"Astro Framework","description":"Astro is a modern web framework designed for building fast, content-focused websites.","sidebar":"docs"},"frameworks/vite":{"id":"frameworks/vite","title":"Vite Framework","description":"Vite es una herramienta de compilación moderna que ofrece una experiencia de desarrollo extremadamente rápida.","sidebar":"docs"},"intro":{"id":"intro","title":"☑ Bienvenido a la Documentación","description":"Esta es una guía completa sobre los diferentes frameworks y herramientas de desarrollo web moderno.","sidebar":"docs"},"plantilla/campos":{"id":"plantilla/campos","title":"📕 Plantillas de Contenedores","description":"El sistema de plantillas permite a los usuarios explorar, buscar y desplegar contenedores preconfigurados de forma rápida. Esto simplifica el proceso de creación de entornos personalizados para diferentes necesidades.","sidebar":"docs"},"tutorial-basics/congratulations":{"id":"tutorial-basics/congratulations","title":"Congratulations!","description":"You have just learned the basics of Docusaurus and made some changes to the initial template."},"tutorial-basics/create-a-blog-post":{"id":"tutorial-basics/create-a-blog-post","title":"Create a Blog Post","description":"Docusaurus creates a page for each blog post, but also a blog index page, a tag system, an RSS feed..."},"tutorial-basics/create-a-document":{"id":"tutorial-basics/create-a-document","title":"Create a Document","description":"Documents are groups of pages connected through:"},"tutorial-basics/create-a-page":{"id":"tutorial-basics/create-a-page","title":"Create a Page","description":"Add Markdown or React files to src/pages to create a standalone page:"},"tutorial-basics/deploy-your-site":{"id":"tutorial-basics/deploy-your-site","title":"Deploy your site","description":"Docusaurus is a static-site-generator (also called Jamstack)."},"tutorial-basics/markdown-features":{"id":"tutorial-basics/markdown-features","title":"Markdown Features","description":"Docusaurus supports Markdown and a few additional features."},"tutorial-extras/manage-docs-versions":{"id":"tutorial-extras/manage-docs-versions","title":"Manage Docs Versions","description":"Docusaurus can manage multiple versions of your docs."},"tutorial-extras/translate-your-site":{"id":"tutorial-extras/translate-your-site","title":"Translate your site","description":"Let's translate docs/intro.md to French."}}}}