{"allContent":{"docusaurus-plugin-content-docs":{"default":{"loadedVersions":[{"versionName":"current","label":"Next","banner":null,"badge":false,"noIndex":false,"className":"docs-version-current","path":"/","tagsPath":"/tags","editUrl":"https://github.com/facebook/docusaurus/tree/main/packages/create-docusaurus/templates/shared/docs","editUrlLocalized":"https://github.com/facebook/docusaurus/tree/main/packages/create-docusaurus/templates/shared/i18n/en/docusaurus-plugin-content-docs/current","isLast":true,"routePriority":-1,"sidebarFilePath":"C:\\Users\\Patricio\\Documents\\Codigos Patricio\\docusaurus-hostybee\\sidebars.js","contentPath":"C:\\Users\\Patricio\\Documents\\Codigos Patricio\\docusaurus-hostybee\\docs","contentPathLocalized":"C:\\Users\\Patricio\\Documents\\Codigos Patricio\\docusaurus-hostybee\\i18n\\en\\docusaurus-plugin-content-docs\\current","docs":[{"id":"contenedores/campos","title":"📝 Información Contenedores","description":"Un contenedor es una unidad de lanzamiento de hostybee, un contenedor nos permite convertir una aplicacion desarrollada en una URL en la nube. Dentro de los contenedores tenemos distintos campos.","source":"@site/docs/contenedores/campos.md","sourceDirName":"contenedores","slug":"/contenedores/campos","permalink":"/contenedores/campos","draft":false,"unlisted":false,"editUrl":"https://github.com/facebook/docusaurus/tree/main/packages/create-docusaurus/templates/shared/docs/contenedores/campos.md","tags":[],"version":"current","frontMatter":{},"sidebar":"docs","previous":{"title":"☑ Bienvenido a la Documentación","permalink":"/"},"next":{"title":"🖥Logs de los Contenedores","permalink":"/contenedores/logs"}},{"id":"contenedores/logs","title":"🖥Logs de los Contenedores","description":"El historial de despliegues y los logs de los contenedores proporcionan información detallada sobre las acciones realizadas, los estados alcanzados y cualquier problema ocurrido durante las operaciones.","source":"@site/docs/contenedores/logs.md","sourceDirName":"contenedores","slug":"/contenedores/logs","permalink":"/contenedores/logs","draft":false,"unlisted":false,"editUrl":"https://github.com/facebook/docusaurus/tree/main/packages/create-docusaurus/templates/shared/docs/contenedores/logs.md","tags":[],"version":"current","frontMatter":{},"sidebar":"docs","previous":{"title":"📝 Información Contenedores","permalink":"/contenedores/campos"},"next":{"title":"📕 Plantillas de Contenedores","permalink":"/plantilla/campos"}},{"id":"frameworks/astro","title":"Astro Framework","description":"Astro is a modern web framework designed for building fast, content-focused websites.","source":"@site/docs/frameworks/astro.md","sourceDirName":"frameworks","slug":"/frameworks/astro","permalink":"/frameworks/astro","draft":false,"unlisted":false,"editUrl":"https://github.com/facebook/docusaurus/tree/main/packages/create-docusaurus/templates/shared/docs/frameworks/astro.md","tags":[],"version":"current","sidebarPosition":1,"frontMatter":{"sidebar_position":1,"title":"Astro Framework"},"sidebar":"docs","previous":{"title":"📕 Plantillas de Contenedores","permalink":"/plantilla/campos"},"next":{"title":"Vite","permalink":"/frameworks/vite"}},{"id":"frameworks/vite","title":"Vite Framework","description":"Vite es una herramienta de compilación moderna que ofrece una experiencia de desarrollo extremadamente rápida.","source":"@site/docs/frameworks/vite.md","sourceDirName":"frameworks","slug":"/frameworks/vite","permalink":"/frameworks/vite","draft":false,"unlisted":false,"editUrl":"https://github.com/facebook/docusaurus/tree/main/packages/create-docusaurus/templates/shared/docs/frameworks/vite.md","tags":[],"version":"current","sidebarPosition":2,"frontMatter":{"sidebar_position":2,"title":"Vite Framework"},"sidebar":"docs","previous":{"title":"Astro","permalink":"/frameworks/astro"}},{"id":"intro","title":"☑ Bienvenido a la Documentación","description":"Esta es una guía completa sobre los diferentes frameworks y herramientas de desarrollo web moderno.","source":"@site/docs/intro.md","sourceDirName":".","slug":"/","permalink":"/","draft":false,"unlisted":false,"editUrl":"https://github.com/facebook/docusaurus/tree/main/packages/create-docusaurus/templates/shared/docs/intro.md","tags":[],"version":"current","sidebarPosition":1,"frontMatter":{"sidebar_position":1,"slug":"/"},"sidebar":"docs","next":{"title":"📝 Información Contenedores","permalink":"/contenedores/campos"}},{"id":"plantilla/campos","title":"📕 Plantillas de Contenedores","description":"El sistema de plantillas permite a los usuarios explorar, buscar y desplegar contenedores preconfigurados de forma rápida. Esto simplifica el proceso de creación de entornos personalizados para diferentes necesidades.","source":"@site/docs/plantilla/campos.md","sourceDirName":"plantilla","slug":"/plantilla/campos","permalink":"/plantilla/campos","draft":false,"unlisted":false,"editUrl":"https://github.com/facebook/docusaurus/tree/main/packages/create-docusaurus/templates/shared/docs/plantilla/campos.md","tags":[],"version":"current","frontMatter":{},"sidebar":"docs","previous":{"title":"🖥Logs de los Contenedores","permalink":"/contenedores/logs"},"next":{"title":"Astro","permalink":"/frameworks/astro"}},{"id":"tutorial-basics/congratulations","title":"Congratulations!","description":"You have just learned the basics of Docusaurus and made some changes to the initial template.","source":"@site/docs/tutorial-basics/congratulations.md","sourceDirName":"tutorial-basics","slug":"/tutorial-basics/congratulations","permalink":"/tutorial-basics/congratulations","draft":false,"unlisted":false,"editUrl":"https://github.com/facebook/docusaurus/tree/main/packages/create-docusaurus/templates/shared/docs/tutorial-basics/congratulations.md","tags":[],"version":"current","sidebarPosition":6,"frontMatter":{"sidebar_position":6}},{"id":"tutorial-basics/create-a-blog-post","title":"Create a Blog Post","description":"Docusaurus creates a page for each blog post, but also a blog index page, a tag system, an RSS feed...","source":"@site/docs/tutorial-basics/create-a-blog-post.md","sourceDirName":"tutorial-basics","slug":"/tutorial-basics/create-a-blog-post","permalink":"/tutorial-basics/create-a-blog-post","draft":false,"unlisted":false,"editUrl":"https://github.com/facebook/docusaurus/tree/main/packages/create-docusaurus/templates/shared/docs/tutorial-basics/create-a-blog-post.md","tags":[],"version":"current","sidebarPosition":3,"frontMatter":{"sidebar_position":3}},{"id":"tutorial-basics/create-a-document","title":"Create a Document","description":"Documents are groups of pages connected through:","source":"@site/docs/tutorial-basics/create-a-document.md","sourceDirName":"tutorial-basics","slug":"/tutorial-basics/create-a-document","permalink":"/tutorial-basics/create-a-document","draft":false,"unlisted":false,"editUrl":"https://github.com/facebook/docusaurus/tree/main/packages/create-docusaurus/templates/shared/docs/tutorial-basics/create-a-document.md","tags":[],"version":"current","sidebarPosition":2,"frontMatter":{"sidebar_position":2}},{"id":"tutorial-basics/create-a-page","title":"Create a Page","description":"Add Markdown or React files to src/pages to create a standalone page:","source":"@site/docs/tutorial-basics/create-a-page.md","sourceDirName":"tutorial-basics","slug":"/tutorial-basics/create-a-page","permalink":"/tutorial-basics/create-a-page","draft":false,"unlisted":false,"editUrl":"https://github.com/facebook/docusaurus/tree/main/packages/create-docusaurus/templates/shared/docs/tutorial-basics/create-a-page.md","tags":[],"version":"current","sidebarPosition":1,"frontMatter":{"sidebar_position":1}},{"id":"tutorial-basics/deploy-your-site","title":"Deploy your site","description":"Docusaurus is a static-site-generator (also called Jamstack).","source":"@site/docs/tutorial-basics/deploy-your-site.md","sourceDirName":"tutorial-basics","slug":"/tutorial-basics/deploy-your-site","permalink":"/tutorial-basics/deploy-your-site","draft":false,"unlisted":false,"editUrl":"https://github.com/facebook/docusaurus/tree/main/packages/create-docusaurus/templates/shared/docs/tutorial-basics/deploy-your-site.md","tags":[],"version":"current","sidebarPosition":5,"frontMatter":{"sidebar_position":5}},{"id":"tutorial-basics/markdown-features","title":"Markdown Features","description":"Docusaurus supports Markdown and a few additional features.","source":"@site/docs/tutorial-basics/markdown-features.mdx","sourceDirName":"tutorial-basics","slug":"/tutorial-basics/markdown-features","permalink":"/tutorial-basics/markdown-features","draft":false,"unlisted":false,"editUrl":"https://github.com/facebook/docusaurus/tree/main/packages/create-docusaurus/templates/shared/docs/tutorial-basics/markdown-features.mdx","tags":[],"version":"current","sidebarPosition":4,"frontMatter":{"sidebar_position":4}},{"id":"tutorial-extras/manage-docs-versions","title":"Manage Docs Versions","description":"Docusaurus can manage multiple versions of your docs.","source":"@site/docs/tutorial-extras/manage-docs-versions.md","sourceDirName":"tutorial-extras","slug":"/tutorial-extras/manage-docs-versions","permalink":"/tutorial-extras/manage-docs-versions","draft":false,"unlisted":false,"editUrl":"https://github.com/facebook/docusaurus/tree/main/packages/create-docusaurus/templates/shared/docs/tutorial-extras/manage-docs-versions.md","tags":[],"version":"current","sidebarPosition":1,"frontMatter":{"sidebar_position":1}},{"id":"tutorial-extras/translate-your-site","title":"Translate your site","description":"Let's translate docs/intro.md to French.","source":"@site/docs/tutorial-extras/translate-your-site.md","sourceDirName":"tutorial-extras","slug":"/tutorial-extras/translate-your-site","permalink":"/tutorial-extras/translate-your-site","draft":false,"unlisted":false,"editUrl":"https://github.com/facebook/docusaurus/tree/main/packages/create-docusaurus/templates/shared/docs/tutorial-extras/translate-your-site.md","tags":[],"version":"current","sidebarPosition":2,"frontMatter":{"sidebar_position":2}}],"drafts":[],"sidebars":{"docs":[{"type":"doc","id":"intro"},{"type":"category","label":"Contenedores","items":[{"type":"doc","id":"contenedores/campos"},{"type":"doc","id":"contenedores/logs"}],"collapsed":true,"collapsible":true},{"type":"category","label":"Plantillas de Contenedores","items":[{"type":"doc","id":"plantilla/campos"}],"collapsed":true,"collapsible":true},{"type":"category","label":"Tipos de Proyectos (Frameworks)","items":[{"type":"doc","id":"frameworks/astro","label":"Astro","translatable":true},{"type":"doc","id":"frameworks/vite","label":"Vite","translatable":true}],"collapsed":true,"collapsible":true}]}}]}},"docusaurus-plugin-content-pages":{"default":[{"type":"mdx","permalink":"/my-markdown-page","source":"@site/src/pages/my-markdown-page.md","title":"My Markdown page","description":"This is a Markdown page","frontMatter":{},"unlisted":false}]},"docusaurus-plugin-debug":{},"docusaurus-plugin-svgr":{},"docusaurus-theme-classic":{},"docusaurus-bootstrap-plugin":{},"docusaurus-mdx-fallback-plugin":{}}}